{"cameraMode":{"drawMode":0,"name":"Shaded","section":"Shading Mode"},"sceneLighting":true,"audioPlay":false,"sceneViewState":{"showFog":true,"showMaterialUpdate":false,"showSkybox":true,"showFlares":true,"showImageEffects":true,"showParticleSystems":true},"in2DMode":false,"pivot":{"x":26.407733917236329,"y":-23.93475341796875,"z":-1.0871585607528687},"rotation":{"x":-0.25539788603782656,"y":0.6653611063957214,"z":-0.2610089182853699,"w":-0.651152491569519},"size":27.533477783203126,"orthographic":false}